{
  "base": {
    "BLEU": 0.08502947077145905,
    "ROUGE-L": 0.07529644268774703,
    "EM": 0.0,
    "avg_latency": 1.1658345699310302
  },
  "finetuned": {
    "BLEU": 0.01742018516969367,
    "ROUGE-L": 0.07734975124871722,
    "EM": 0.0,
    "avg_latency": 11.054151344299317
  }
}